Município de notificação,Codigo Município,Jan,Fev,Mar,Abr,Mai,Jun,Jul,Ago,Set,Out,Nov,Dez,Total,Ano
APARECIDA,350250,0,35,345,111,2,0,0,0,0,0,0,0,182,2007
CACAPAVA,350850,0,2,5,0,1,0,1,0,0,0,0,0,9,2007
ROSEIRA,354430,0,0,10,20,0,0,0,0,0,0,0,0,3,2007
SANTA BRANCA,354600,0,0,0,0,0,0,0,0,6,0,0,0,1,2007
SANTO ANTONIO DO PINHAL,354820,0,14,14,14,0,0,0,0,0,0,0,0,3,2007
CUNHA,351360,0,17,0,0,0,0,0,0,0,0,0,0,4,2007
CRUZEIRO,351340,0,15,97,241,83,2,0,0,0,0,1,0,345,2007
CARAGUATATUBA,351050,0,1,48,196,305,147,53,3,2,2,2,1,735,2007
JAMBEIRO,352490,0,0,0,0,0,20,0,0,0,0,0,0,1,2007
LAGOINHA,352630,0,0,19,0,0,0,0,0,0,0,0,0,1,2007
QUELUZ,354190,0,0,0,9,47,9,0,0,0,0,0,0,7,2007
POTIM,354075,0,10,180,87,10,0,0,0,0,0,5,0,54,2007
PINDAMONHANGABA,353800,1,4,4,1,0,0,0,0,0,0,0,0,17,2007
PARAIBUNA,353560,0,0,0,5,0,0,0,0,0,0,0,0,1,2007
LORENA,352720,0,0,0,2,2,0,0,0,0,0,0,0,4,2007
LAVRINHAS,352660,14,0,14,28,0,0,0,0,0,0,0,0,4,2007
CACHOEIRA PAULISTA,350860,6,3,24,24,21,0,0,9,0,3,0,0,30,2007
CAMPOS DO JORDAO,350970,2,0,0,0,0,0,0,0,0,0,0,0,1,2007
JACAREI,352440,0,0,3,4,1,0,1,0,0,0,0,0,35,2007
ILHABELA,352040,0,3,3,0,7,0,3,0,0,0,0,0,5,2007
GUARATINGUETA,351840,0,2,11,3,0,0,0,0,0,0,0,0,21,2007
SAO JOSE DO BARREIRO,354960,0,0,22,0,0,0,0,0,0,0,0,0,1,2007
TAUBATE,355410,4,8,12,13,5,1,0,0,0,0,0,0,131,2007
TREMEMBE,355480,0,0,12,0,0,0,0,0,0,0,0,0,5,2007
SAO JOSE DOS CAMPOS,354990,1,5,18,34,26,5,2,1,1,2,3,4,658,2007
SAO SEBASTIAO,355070,14,6,49,91,106,18,14,1,1,6,4,6,240,2007
SAO LUIS DO PARAITINGA,355000,0,0,0,18,9,0,0,0,0,0,0,0,3,2007
PIQUETE,353850,0,0,13,6,0,0,0,0,0,0,0,0,3,2008
PINDAMONHANGABA,353800,0,0,0,0,0,0,0,0,0,0,0,0,3,2008
LORENA,352720,6,1,3,3,0,0,0,0,0,0,0,0,12,2008
MONTEIRO LOBATO,353170,0,0,47,0,0,0,0,0,0,0,0,0,2,2008
NATIVIDADE DA SERRA,353230,0,0,13,0,0,0,0,0,0,0,0,0,1,2008
JACAREI,352440,0,2,6,5,1,1,0,0,0,0,0,0,41,2008
ILHABELA,352040,3,0,0,15,19,0,0,0,0,0,0,0,10,2008
CRUZEIRO,351340,0,0,17,6,7,0,0,0,0,0,0,2,27,2008
GUARATINGUETA,351840,0,1,2,3,2,0,0,0,0,0,0,0,16,2008
LAVRINHAS,352660,0,14,0,0,0,0,0,0,0,0,0,0,1,2008
JAMBEIRO,352490,0,0,0,18,0,0,0,0,0,0,0,0,1,2008
CARAGUATATUBA,351050,0,1,47,46,11,3,0,0,0,0,0,1,105,2008
CACHOEIRA PAULISTA,350860,2,2,2,2,5,0,0,0,0,2,2,0,8,2008
APARECIDA,350250,0,2,0,2,0,0,0,0,0,0,0,0,2,2008
CACAPAVA,350850,0,0,0,1,0,0,0,0,0,0,0,0,1,2008
POTIM,354075,0,4,19,14,0,0,0,0,0,9,0,0,10,2008
QUELUZ,354190,0,0,0,9,9,0,0,0,0,0,0,0,2,2008
SANTA BRANCA,354600,0,0,0,7,0,0,0,0,0,0,0,0,1,2008
SANTO ANTONIO DO PINHAL,354820,0,0,0,14,0,0,0,0,0,0,0,0,1,2008
SAO JOSE DOS CAMPOS,354990,0,2,16,15,5,1,0,0,0,0,0,0,259,2008
SAO SEBASTIAO,355070,0,5,23,71,33,5,2,2,0,0,5,1,110,2008
TAUBATE,355410,0,0,1,4,0,1,0,0,0,0,0,0,23,2008
CARAGUATATUBA,351050,1,1,5,7,5,5,0,2,0,1,0,0,27,2009
CRUZEIRO,351340,1,0,0,1,0,0,0,1,0,0,0,0,3,2009
IGARATA,352020,0,11,0,0,0,0,0,0,0,0,0,0,1,2009
ILHABELA,352040,3,3,3,42,153,49,19,3,0,0,0,0,73,2009
JACAREI,352440,0,0,0,1,1,0,0,0,0,0,0,0,10,2009
LAGOINHA,352630,0,20,0,0,0,0,0,0,0,0,0,0,1,2009
PINDAMONHANGABA,353800,0,0,0,0,0,0,0,0,0,0,0,0,1,2009
PIQUETE,353850,0,0,0,0,0,0,6,0,0,0,0,0,1,2009
POTIM,354075,4,4,4,0,0,0,0,0,0,0,4,0,4,2009
REDENCAO DA SERRA,354230,23,0,0,0,0,0,0,0,0,0,0,0,1,2009
SAO JOSE DOS CAMPOS,354990,0,0,0,0,1,0,0,0,0,0,0,0,29,2009
SAO LUIS DO PARAITINGA,355000,0,0,0,0,9,0,0,0,0,0,0,0,1,2009
SAO SEBASTIAO,355070,5,20,50,40,27,10,2,0,0,0,0,4,119,2009
TAUBATE,355410,0,0,2,0,0,0,0,0,0,0,0,1,14,2009
APARECIDA,350250,0,2,5,0,13,2,0,0,0,0,0,0,9,2010
AREIAS,350350,0,0,0,0,27,0,0,0,0,0,0,0,1,2010
BANANAL,350490,0,0,47,132,104,199,28,0,0,0,0,9,55,2010
CACAPAVA,350850,3,30,140,121,85,22,2,2,1,0,0,3,353,2010
CACHOEIRA PAULISTA,350860,0,6,67,160,160,9,3,3,0,0,9,6,138,2010
CAMPOS DO JORDAO,350970,2,2,2,0,0,0,0,0,0,0,0,0,3,2010
CARAGUATATUBA,351050,6,34,611,1081,1551,247,33,8,5,0,1,9,3564,2010
CRUZEIRO,351340,1,3,20,52,64,19,5,0,0,0,1,3,135,2010
CUNHA,351360,0,0,0,8,0,0,4,4,0,0,0,0,4,2010
GUARATINGUETA,351840,0,0,10,15,11,3,0,0,0,0,0,0,50,2010
ILHABELA,352040,10,98,649,1818,1825,624,83,0,7,3,0,14,1407,2010
JACAREI,352440,2,1,18,82,94,15,1,0,0,0,0,1,466,2010
JAMBEIRO,352490,0,0,0,54,18,0,0,0,0,0,0,0,4,2010
LAGOINHA,352630,0,0,0,20,20,0,0,0,0,0,0,0,2,2010
LORENA,352720,0,0,2,8,4,1,0,0,0,0,1,0,15,2010
NATIVIDADE DA SERRA,353230,0,0,0,0,13,0,0,0,0,0,0,0,1,2010
PARAIBUNA,353560,0,0,5,0,0,5,0,0,0,0,0,0,2,2010
PINDAMONHANGABA,353800,0,0,6,19,15,1,0,0,0,1,0,2,72,2010
POTIM,354075,0,0,4,0,4,4,0,0,0,0,0,0,3,2010
QUELUZ,354190,0,0,0,8,0,0,0,0,0,0,0,0,1,2010
ROSEIRA,354430,0,0,0,0,10,0,0,0,0,0,0,20,3,2010
SANTA BRANCA,354600,0,0,0,0,7,7,0,0,14,0,0,0,4,2010
SAO BENTO DO SAPUCAI,354860,0,0,9,0,0,0,0,0,0,0,0,0,1,2010
SAO JOSE DOS CAMPOS,354990,3,7,23,64,48,10,2,0,0,0,3,1,1038,2010
SAO SEBASTIAO,355070,20,122,391,918,712,182,57,64,52,56,28,65,1988,2010
SILVEIRAS,355200,0,0,0,0,0,0,0,0,17,0,0,0,1,2010
TAUBATE,355410,5,54,471,651,245,43,14,9,6,5,6,16,4247,2010
TREMEMBE,355480,0,2,43,169,174,7,0,0,0,0,0,2,165,2010
TREMEMBE,355480,12,28,24,72,98,4,0,2,0,0,2,12,107,2011
AREIAS,350350,0,0,26,0,0,26,0,0,0,0,0,0,2,2011
BANANAL,350490,9,0,19,136,68,0,9,0,0,0,0,0,25,2011
CACAPAVA,350850,1,2,15,33,31,2,0,0,0,0,1,0,75,2011
CACHOEIRA PAULISTA,350860,23,194,418,484,250,29,6,9,9,9,13,19,446,2011
CAMPOS DO JORDAO,350970,0,0,0,4,2,0,0,0,0,0,0,0,3,2011
CANAS,350995,0,89,269,449,449,89,0,0,0,0,0,22,61,2011
CARAGUATATUBA,351050,7,41,139,308,328,40,3,1,0,0,0,2,900,2011
CRUZEIRO,351340,3,10,99,420,465,65,10,5,7,6,12,2,859,2011
CUNHA,351360,0,4,0,0,0,0,4,0,0,0,0,0,2,2011
GUARATINGUETA,351840,0,15,104,242,236,34,4,1,0,0,6,16,749,2011
IGARATA,352020,0,0,0,0,0,11,0,0,0,0,0,0,1,2011
ILHABELA,352040,17,10,24,83,97,24,6,3,0,3,3,0,79,2011
JACAREI,352440,7,3,12,25,16,3,2,0,0,0,0,0,154,2011
LAGOINHA,352630,0,0,0,20,20,0,0,0,0,0,0,0,2,2011
LAVRINHAS,352660,0,15,45,60,150,75,0,0,0,0,0,0,23,2011
LORENA,352720,55,965,1167,559,308,22,4,2,2,1,6,4,2571,2011
NATIVIDADE DA SERRA,353230,0,0,60,15,0,0,0,0,0,0,0,0,5,2011
PARAIBUNA,353560,0,0,0,17,0,0,0,0,0,0,5,0,4,2011
PINDAMONHANGABA,353800,5,27,190,259,278,28,6,0,0,1,0,2,1191,2011
PIQUETE,353850,0,7,42,64,28,0,0,0,0,0,0,0,20,2011
POTIM,354075,5,10,5,45,136,35,25,20,85,181,458,1315,461,2011
QUELUZ,354190,8,8,17,8,43,0,0,0,8,0,0,0,11,2011
REDENCAO DA SERRA,354230,0,0,0,25,0,0,0,0,0,0,0,0,1,2011
ROSEIRA,354430,0,0,41,41,10,0,0,0,0,0,0,20,11,2011
SANTA BRANCA,354600,65,14,21,28,0,0,0,0,0,0,7,0,19,2011
SAO BENTO DO SAPUCAI,354860,0,0,9,0,0,0,0,0,0,0,0,0,1,2011
SAO JOSE DOS CAMPOS,354990,19,32,76,171,79,12,1,0,0,0,0,0,2519,2011
SAO LUIS DO PARAITINGA,355000,0,0,28,28,9,9,0,0,0,9,0,0,9,2011
SAO SEBASTIAO,355070,21,23,75,228,215,58,13,13,2,10,10,14,518,2011
SILVEIRAS,355200,0,0,51,0,0,0,17,0,0,0,0,0,4,2011
TAUBATE,355410,34,189,456,487,345,52,10,4,4,2,3,6,4497,2011
APARECIDA,350250,0,8,14,19,48,2,0,0,0,11,14,5,44,2011
APARECIDA,350250,71,276,665,159,62,17,0,0,0,0,0,2,440,2012
CACAPAVA,350850,2,3,3,9,2,6,2,0,0,0,1,2,29,2012
CACHOEIRA PAULISTA,350860,19,9,0,22,29,29,6,0,0,0,0,0,36,2012
CAMPOS DO JORDAO,350970,0,4,0,0,0,0,0,0,0,0,0,4,4,2012
QUELUZ,354190,8,0,0,0,8,0,0,0,0,0,0,0,2,2012
POTIM,354075,1701,3635,2574,350,113,14,4,9,0,4,9,128,1733,2012
PIQUETE,353850,0,0,0,28,0,0,0,0,0,0,0,0,4,2012
PINDAMONHANGABA,353800,3,5,7,14,4,1,1,0,0,0,0,0,60,2012
NATIVIDADE DA SERRA,353230,15,0,0,0,0,0,0,0,0,15,0,0,2,2012
LORENA,352720,0,3,13,20,14,2,1,0,0,0,0,1,47,2012
LAVRINHAS,352660,0,0,0,149,149,59,74,0,0,0,0,14,30,2012
TREMEMBE,355480,4,4,14,2,2,0,7,0,0,0,0,4,17,2012
TAUBATE,355410,2,4,6,3,8,3,0,1,0,1,2,1,108,2012
SILVEIRAS,355200,17,0,0,17,17,0,0,0,0,0,0,0,3,2012
SAO SEBASTIAO,355070,11,5,5,14,17,18,11,14,17,17,11,6,115,2012
SAO LUIS DO PARAITINGA,355000,9,0,0,9,0,0,0,0,0,0,9,0,3,2012
SAO JOSE DOS CAMPOS,354990,0,4,4,4,4,1,1,0,0,1,0,1,176,2012
SAO BENTO DO SAPUCAI,354860,0,0,0,0,0,0,0,9,0,0,0,0,1,2012
SANTA BRANCA,354600,0,0,0,0,0,7,0,0,0,0,0,0,1,2012
ROSEIRA,354430,0,112,123,184,30,10,0,0,0,0,30,20,50,2012
JACAREI,352440,0,0,3,4,0,1,0,0,0,0,0,0,26,2012
ILHABELA,352040,10,17,37,17,13,10,17,0,0,3,3,0,38,2012
IGARATA,352020,11,0,0,0,0,0,0,0,0,0,0,0,1,2012
GUARATINGUETA,351840,113,496,1151,475,225,23,3,0,0,0,0,5,2826,2012
CUNHA,351360,4,4,13,4,0,0,0,0,0,0,0,0,6,2012
CRUZEIRO,351340,2,12,131,475,553,202,27,11,2,5,7,23,1129,2012
CARAGUATATUBA,351050,1,1,19,11,18,30,21,13,9,18,0,3,156,2012
LAGOINHA,352630,20,0,0,0,0,0,0,0,0,0,0,0,1,2012
CANAS,350995,0,22,111,111,44,0,0,22,0,0,0,0,14,2012
CANAS,350995,0,0,0,42,21,0,0,0,0,0,21,0,4,2013
CACHOEIRA PAULISTA,350860,18,261,380,305,47,6,0,3,0,0,3,0,326,2013
CAMPOS DO JORDAO,350970,0,0,0,0,1,0,0,0,0,0,0,0,1,2013
BANANAL,350490,9,84,168,440,280,74,65,0,0,0,0,28,123,2013
AREIAS,350350,26,156,260,78,0,0,0,0,0,26,0,0,21,2013
APARECIDA,350250,8,5,27,24,5,5,5,0,0,5,2,0,33,2013
CACAPAVA,350850,2,5,17,32,5,1,1,0,0,0,1,0,60,2013
SAO LUIS DO PARAITINGA,355000,0,0,0,9,18,0,0,0,0,0,9,9,5,2013
SAO SEBASTIAO,355070,28,106,207,339,287,128,57,16,2,7,2,2,954,2013
SILVEIRAS,355200,0,16,49,16,0,0,0,0,0,0,0,0,5,2013
TAUBATE,355410,9,19,65,70,24,11,1,1,1,0,2,5,627,2013
TREMEMBE,355480,0,13,27,50,27,0,2,0,0,0,0,0,53,2013
SAO BENTO DO SAPUCAI,354860,0,0,0,18,9,0,0,0,0,0,0,0,3,2013
LORENA,352720,11,45,100,92,26,3,2,0,2,0,2,3,251,2013
PINDAMONHANGABA,353800,29,89,164,115,44,5,2,0,0,0,3,1,716,2013
PIQUETE,353850,28,63,105,189,63,0,0,0,0,0,0,0,64,2013
POTIM,354075,4,23,32,93,46,0,0,4,4,9,9,9,51,2013
CARAGUATATUBA,351050,36,216,350,430,243,108,10,3,0,3,3,5,1550,2013
CRUZEIRO,351340,929,1457,3446,1856,213,13,2,3,3,4,7,26,6405,2013
JACAREI,352440,1,3,14,29,13,2,2,0,0,0,0,1,158,2013
LAVRINHAS,352660,187,892,2129,661,14,0,0,0,0,0,0,0,270,2013
GUARATINGUETA,351840,16,68,122,70,14,3,1,2,0,1,3,5,365,2013
ILHABELA,352040,19,216,1652,1513,358,109,32,29,9,12,6,19,1233,2013
SANTA BRANCA,354600,0,0,0,20,0,0,0,0,0,0,0,0,3,2013
SAO JOSE DOS CAMPOS,354990,9,15,43,33,14,5,1,2,3,1,0,3,902,2013
QUELUZ,354190,24,711,1471,1275,155,8,0,0,0,0,0,8,447,2013
ROSEIRA,354430,0,29,108,19,9,0,0,0,0,0,0,0,17,2013
SAO JOSE DO BARREIRO,354960,0,0,47,0,0,0,0,0,0,0,0,23,3,2013
IGARATA,352020,0,0,0,10,0,10,0,0,0,0,0,10,3,2014
ILHABELA,352040,9,129,1715,6313,3227,436,75,25,28,18,12,47,3805,2014
CACAPAVA,350850,3,6,40,117,81,33,8,1,1,1,2,0,269,2014
BANANAL,350490,18,9,0,0,27,0,9,0,0,0,0,0,7,2014
AREIAS,350350,25,25,0,25,0,0,0,0,0,0,0,0,3,2014
GUARATINGUETA,351840,2,3,10,42,44,29,12,5,8,4,4,7,207,2014
CRUZEIRO,351340,4,9,14,9,6,7,2,1,1,3,8,2,59,2014
CARAGUATATUBA,351050,14,10,42,375,814,461,34,43,20,18,28,75,2164,2014
CAMPOS DO JORDAO,350970,0,0,0,3,3,1,0,0,0,0,0,1,6,2014
CACHOEIRA PAULISTA,350860,0,0,3,28,12,3,6,0,3,0,0,0,18,2014
APARECIDA,350250,11,5,24,63,110,44,30,8,5,0,11,5,116,2014
SAO SEBASTIAO,355070,18,35,337,742,803,205,254,135,34,9,15,39,2152,2014
SAO LUIS DO PARAITINGA,355000,0,0,37,130,9,37,0,0,0,0,0,0,23,2014
SAO JOSE DO BARREIRO,354960,0,0,0,0,23,95,167,23,23,0,0,0,14,2014
SAO JOSE DOS CAMPOS,354990,5,6,15,44,36,19,7,4,5,4,5,3,1079,2014
TREMEMBE,355480,27,141,459,581,349,99,27,0,0,4,2,2,752,2014
TAUBATE,355410,45,202,606,1274,873,269,43,5,6,10,9,8,10048,2014
PARAIBUNA,353560,0,0,0,5,0,0,0,0,0,0,0,0,1,2014
PINDAMONHANGABA,353800,13,33,154,857,681,99,23,3,4,0,1,5,2985,2014
PIQUETE,353850,0,0,0,0,21,7,0,0,0,0,0,0,4,2014
POTIM,354075,22,0,13,27,154,81,31,0,0,45,27,36,97,2014
QUELUZ,354190,16,0,16,16,8,8,0,0,0,0,0,8,9,2014
REDENCAO DA SERRA,354230,0,0,0,0,152,50,0,0,0,0,0,0,8,2014
ROSEIRA,354430,0,0,9,38,38,38,0,0,0,0,0,0,13,2014
SANTA BRANCA,354600,0,0,0,0,27,13,6,6,0,6,6,6,11,2014
SANTO ANTONIO DO PINHAL,354820,0,0,0,14,0,0,0,0,0,0,0,0,1,2014
SAO BENTO DO SAPUCAI,354860,0,0,0,36,18,18,0,0,0,0,0,0,8,2014
LAVRINHAS,352660,42,14,42,57,0,0,57,0,0,28,0,0,17,2014
LAGOINHA,352630,0,0,20,120,40,0,0,0,20,0,0,0,10,2014
NATIVIDADE DA SERRA,353230,0,0,88,191,29,0,0,0,0,0,0,0,21,2014
LORENA,352720,0,2,3,20,29,24,9,5,4,6,13,8,112,2014
JAMBEIRO,352490,0,0,0,33,16,0,0,0,0,0,0,0,3,2014
JACAREI,352440,1,1,4,28,42,22,9,3,2,4,2,4,288,2014
SAO JOSE DO BARREIRO,354960,191,430,884,334,95,71,0,0,0,23,0,0,85,2015
SAO BENTO DO SAPUCAI,354860,9,0,36,82,46,0,0,0,0,0,0,0,19,2015
SANTO ANTONIO DO PINHAL,354820,0,29,0,29,44,14,0,0,0,0,0,0,8,2015
SANTA BRANCA,354600,0,20,206,447,502,41,34,0,6,6,6,48,192,2015
ROSEIRA,354430,0,29,145,908,928,164,0,0,0,9,0,9,227,2015
QUELUZ,354190,7,87,1611,1031,15,0,0,0,7,39,7,15,356,2015
POTIM,354075,66,191,984,1719,1104,204,13,17,4,0,0,0,967,2015
PIQUETE,353850,0,0,141,424,318,28,7,0,0,0,0,7,131,2015
PINDAMONHANGABA,353800,10,26,85,232,180,68,12,1,0,2,3,7,1015,2015
PARAIBUNA,353560,38,82,171,49,16,0,0,0,0,0,0,0,65,2015
NATIVIDADE DA SERRA,353230,0,29,29,14,14,0,0,0,0,0,0,0,6,2015
MONTEIRO LOBATO,353170,0,0,22,22,0,0,0,0,0,0,0,0,2,2015
LORENA,352720,91,256,713,1082,494,90,20,5,9,8,8,19,2442,2015
LAVRINHAS,352660,0,0,99,0,0,0,0,0,0,0,0,0,7,2015
LAGOINHA,352630,0,0,20,20,0,0,0,0,0,0,20,20,4,2015
JAMBEIRO,352490,0,16,114,114,32,0,0,0,0,0,0,16,18,2015
SILVEIRAS,355200,32,0,48,48,64,16,0,0,0,0,0,0,13,2015
SAO SEBASTIAO,355070,61,343,2611,2464,767,107,7,1,0,1,6,0,5289,2015
SAO JOSE DOS CAMPOS,354990,30,122,579,795,537,84,7,3,3,5,10,18,15140,2015
SAO LUIS DO PARAITINGA,355000,9,9,46,74,37,0,0,0,9,0,0,27,23,2015
TREMEMBE,355480,6,15,124,162,97,28,0,6,15,17,15,64,250,2015
TAUBATE,355410,22,35,175,317,197,64,7,1,2,6,18,37,2680,2015
CACHOEIRA PAULISTA,350860,0,6,170,479,312,49,3,0,0,3,0,0,331,2015
AREIAS,350350,0,0,129,0,77,0,25,0,0,25,0,0,10,2015
GUARATINGUETA,351840,26,51,352,704,254,37,5,2,2,7,5,3,1732,2015
CARAGUATATUBA,351050,425,687,1847,1249,378,52,4,5,1,4,4,9,5293,2015
CRUZEIRO,351340,7,20,59,119,44,17,3,0,0,0,0,2,223,2015
CUNHA,351360,0,0,0,4,0,4,0,0,0,0,0,0,2,2015
ILHABELA,352040,65,236,832,760,459,239,59,59,34,40,114,133,977,2015
IGARATA,352020,10,117,705,320,21,10,0,0,0,0,0,0,111,2015
JACAREI,352440,13,45,359,770,375,84,7,2,3,3,2,5,3790,2015
CAMPOS DO JORDAO,350970,1,0,0,3,1,0,0,0,0,0,0,0,4,2015
BANANAL,350490,27,566,1837,928,139,46,0,0,0,0,0,0,382,2015
CANAS,350995,0,41,103,226,82,0,0,0,0,0,0,0,22,2015
ARAPEI,350315,118,1030,2496,0,0,0,0,0,0,0,0,0,92,2015
APARECIDA,350250,2,55,889,1485,919,198,16,0,5,0,2,16,1301,2015
CACAPAVA,350850,13,57,231,401,430,53,1,0,0,0,1,4,1088,2015
SANTA BRANCA,354600,82,95,226,198,13,6,0,0,0,0,13,0,93,2016
PARAIBUNA,353560,0,0,0,11,0,0,0,0,0,0,0,0,2,2016
NATIVIDADE DA SERRA,353230,0,0,0,14,14,0,0,0,0,0,0,0,2,2016
LORENA,352720,12,37,21,31,5,0,1,0,0,0,3,2,102,2016
LAVRINHAS,352660,42,56,56,28,0,14,0,0,0,0,0,14,15,2016
LAGOINHA,352630,0,0,20,0,0,0,0,0,0,0,0,0,1,2016
JAMBEIRO,352490,16,16,32,0,0,0,0,0,0,16,0,0,5,2016
JACAREI,352440,11,19,28,14,4,2,0,0,1,3,1,0,202,2016
ILHABELA,352040,140,143,76,61,24,0,3,3,3,0,15,9,157,2016
IGARATA,352020,0,21,21,0,10,0,0,0,10,0,0,0,6,2016
GUARATINGUETA,351840,5,11,30,19,14,1,0,3,1,1,2,3,115,2016
SANTO ANTONIO DO PINHAL,354820,14,29,0,0,0,0,0,0,0,0,0,0,3,2016
ROSEIRA,354430,0,38,38,9,9,0,0,0,0,0,0,0,10,2016
QUELUZ,354190,62,109,226,0,0,0,0,0,0,0,0,0,51,2016
POTIM,354075,0,8,13,43,26,0,0,0,4,4,0,4,24,2016
PIQUETE,353850,0,0,21,14,0,14,0,0,0,0,7,0,8,2016
PINDAMONHANGABA,353800,48,59,95,70,19,9,3,2,1,1,0,1,509,2016
CRUZEIRO,351340,4,19,30,23,20,0,3,0,0,1,1,2,88,2016
CARAGUATATUBA,351050,9,10,24,36,32,0,7,0,0,5,0,0,149,2016
AREIAS,350350,0,77,25,0,0,0,0,0,25,0,0,0,5,2016
BANANAL,350490,36,36,0,18,9,0,0,0,0,0,0,0,11,2016
CACAPAVA,350850,10,10,23,9,2,0,0,1,0,1,1,1,57,2016
CACHOEIRA PAULISTA,350860,3,21,36,39,9,0,0,0,0,3,9,3,41,2016
CAMPOS DO JORDAO,350970,0,1,9,0,3,0,0,1,0,0,1,0,10,2016
CANAS,350995,0,142,122,20,0,0,0,0,0,0,0,0,14,2016
ARAPEI,350315,39,39,0,0,0,0,0,0,0,0,0,0,2,2016
APARECIDA,350250,0,5,19,30,35,2,0,0,0,0,0,0,34,2016
SAO SEBASTIAO,355070,5,15,16,14,16,8,0,0,1,4,5,2,77,2016
SAO BENTO DO SAPUCAI,354860,0,9,0,0,0,0,0,0,0,0,0,0,1,2016
SAO JOSE DOS CAMPOS,354990,31,50,64,69,18,4,4,2,2,4,9,9,1899,2016
SAO LUIS DO PARAITINGA,355000,0,27,18,0,27,0,0,0,0,0,0,0,8,2016
TAUBATE,355410,120,164,388,312,107,21,10,0,0,2,3,7,3486,2016
SILVEIRAS,355200,0,0,16,0,0,0,0,0,0,0,0,0,1,2016
TREMEMBE,355480,189,209,284,226,74,11,4,2,0,0,0,6,458,2016
TREMEMBE,355480,0,0,0,0,0,0,0,0,0,0,4,0,2,2017
LAVRINHAS,352660,0,0,0,0,0,0,0,0,0,13,0,0,1,2017
POTIM,354075,0,0,8,4,0,0,0,0,0,12,8,4,9,2017
PINDAMONHANGABA,353800,2,3,6,5,1,1,0,1,0,1,0,1,44,2017
LORENA,352720,4,4,2,4,1,2,2,0,0,1,2,1,23,2017
JACAREI,352440,2,2,1,2,1,0,0,0,0,1,1,0,39,2017
JAMBEIRO,352490,15,15,15,0,0,0,0,0,0,15,15,15,6,2017
ILHABELA,352040,5,2,11,0,5,2,2,2,0,2,0,0,13,2017
GUARATINGUETA,351840,4,1,3,0,1,1,0,0,0,4,4,2,32,2017
APARECIDA,350250,0,0,2,0,2,0,0,0,2,0,2,0,4,2017
TAUBATE,355410,3,5,6,3,3,1,1,0,3,2,2,3,120,2017
SILVEIRAS,355200,16,0,0,0,0,0,0,0,0,0,0,0,1,2017
SAO SEBASTIAO,355070,1,2,2,4,1,2,1,0,2,0,0,5,20,2017
SAO BENTO DO SAPUCAI,354860,0,0,0,0,0,0,0,0,0,0,0,9,1,2017
SAO JOSE DOS CAMPOS,354990,6,11,10,11,8,3,1,2,1,2,3,6,508,2017
SANTA BRANCA,354600,0,6,6,0,6,0,0,0,0,6,6,0,5,2017
QUELUZ,354190,0,0,0,0,0,0,0,0,0,0,0,7,1,2017
CANAS,350995,0,20,0,0,0,0,0,0,0,0,0,0,1,2017
AREIAS,350350,0,25,0,0,0,0,0,0,0,0,0,0,1,2017
CACAPAVA,350850,7,4,7,2,2,0,1,0,0,3,0,0,26,2017
CACHOEIRA PAULISTA,350860,15,0,3,0,0,0,0,3,9,6,0,0,12,2017
CRUZEIRO,351340,1,0,0,2,0,1,0,2,2,1,0,1,10,2017
CARAGUATATUBA,351050,0,0,2,4,0,0,0,0,0,0,0,1,15,2017
MONTEIRO LOBATO,353170,0,21,0,0,0,0,0,0,0,0,0,0,1,2018
APARECIDA,350250,0,5,0,2,0,0,0,0,0,0,0,0,3,2018
SAO JOSE DOS CAMPOS,354990,6,7,6,3,1,1,0,0,0,1,1,2,243,2018
SAO SEBASTIAO,355070,2,4,7,15,12,3,9,3,0,4,27,29,106,2018
TAUBATE,355410,2,4,5,2,0,1,4,1,1,1,2,4,111,2018
TREMEMBE,355480,0,0,0,4,2,2,0,0,0,0,0,0,4,2018
SANTA BRANCA,354600,0,27,0,0,0,0,0,0,0,0,0,0,4,2018
SANTO ANTONIO DO PINHAL,354820,0,0,0,0,0,0,0,0,0,0,0,14,1,2018
SAO BENTO DO SAPUCAI,354860,0,0,18,0,0,0,0,0,0,0,0,0,2,2018
SAO JOSE DO BARREIRO,354960,0,24,0,0,0,0,0,0,0,0,0,0,1,2018
POTIM,354075,4,0,0,4,0,4,4,0,4,4,0,12,9,2018
PIQUETE,353850,0,0,7,0,0,0,0,0,0,0,0,0,1,2018
PINDAMONHANGABA,353800,3,2,5,5,2,1,3,0,1,1,0,1,48,2018
PARAIBUNA,353560,0,11,0,0,0,0,0,0,0,0,0,0,2,2018
CACHOEIRA PAULISTA,350860,0,3,0,9,6,6,15,27,36,0,0,0,34,2018
CACAPAVA,350850,1,1,1,4,1,0,1,0,1,0,0,1,11,2018
BANANAL,350490,0,9,0,0,0,0,0,0,0,0,0,0,1,2018
AREIAS,350350,0,0,0,25,0,0,0,0,51,0,0,0,3,2018
CUNHA,351360,0,0,0,0,0,0,0,0,0,0,4,0,1,2018
LORENA,352720,0,0,0,0,0,1,1,0,2,3,0,0,7,2018
LAVRINHAS,352660,0,0,0,0,13,0,0,0,0,0,0,0,1,2018
LAGOINHA,352630,20,0,0,0,0,20,0,0,0,0,0,0,2,2018
JAMBEIRO,352490,0,0,0,0,0,0,0,0,0,30,0,0,2,2018
JACAREI,352440,3,3,2,0,0,0,0,0,0,1,0,0,31,2018
ILHABELA,352040,17,8,32,17,20,11,2,0,0,2,8,8,45,2018
GUARATINGUETA,351840,3,1,1,0,1,0,0,0,1,2,3,3,26,2018
CARAGUATATUBA,351050,1,0,0,3,1,0,0,0,0,0,0,0,13,2018
CRUZEIRO,351340,0,0,3,0,0,0,4,0,7,0,2,0,15,2018
CANAS,350995,19,0,0,0,0,0,0,0,0,0,0,0,1,2018
PINDAMONHANGABA,353800,1,5,17,27,35,11,8,1,3,1,4,8,217,2019
BANANAL,350490,0,0,0,82,91,27,9,9,0,0,0,0,24,2019
AREIAS,350350,0,0,51,51,0,51,0,0,0,0,0,0,6,2019
ARAPEI,350315,0,0,40,0,0,0,0,0,0,0,0,0,1,2019
APARECIDA,350250,0,0,38,44,69,11,0,11,2,2,129,152,167,2019
CACAPAVA,350850,1,8,64,397,326,97,20,1,2,2,3,1,873,2019
CACHOEIRA PAULISTA,350860,0,3,27,99,129,87,24,3,15,0,21,21,143,2019
CAMPOS DO JORDAO,350970,0,0,1,1,3,0,0,0,1,0,0,0,5,2019
CANAS,350995,0,0,0,0,0,0,0,0,0,0,0,19,1,2019
CARAGUATATUBA,351050,3,31,143,834,1031,552,141,74,6,2,4,8,3442,2019
CRUZEIRO,351340,2,1,24,94,178,72,19,0,1,6,7,13,347,2019
CUNHA,351360,0,4,0,4,0,0,0,0,0,0,0,0,2,2019
GUARATINGUETA,351840,0,3,19,49,105,41,14,6,8,17,70,110,544,2019
IGARATA,352020,0,0,10,10,41,0,0,0,0,0,0,0,6,2019
ILHABELA,352040,8,51,77,122,120,100,54,11,5,8,8,5,201,2019
JACAREI,352440,0,7,16,45,80,23,4,0,1,0,0,0,427,2019
JAMBEIRO,352490,0,0,0,0,0,0,0,0,0,15,0,0,1,2019
LAVRINHAS,352660,0,68,413,702,798,234,55,13,0,0,0,0,166,2019
LORENA,352720,3,6,67,83,235,116,16,14,5,10,20,23,536,2019
PARAIBUNA,353560,0,5,0,5,16,5,0,10,0,0,5,0,9,2019
TAUBATE,355410,3,5,8,19,37,16,11,5,4,6,4,9,415,2019
ROSEIRA,354430,0,0,9,0,9,0,0,0,0,0,37,18,8,2019
TREMEMBE,355480,0,0,4,4,19,6,2,2,0,0,0,0,18,2019
SAO SEBASTIAO,355070,13,85,149,252,669,373,152,55,30,41,78,83,1767,2019
SILVEIRAS,355200,0,0,31,126,269,15,0,0,0,0,31,0,30,2019
SAO LUIS DO PARAITINGA,355000,0,0,9,0,84,9,9,0,0,0,0,0,12,2019
SAO JOSE DOS CAMPOS,354990,5,6,11,20,32,15,9,4,1,3,4,2,865,2019
SAO BENTO DO SAPUCAI,354860,0,0,0,0,9,0,0,0,0,0,0,0,1,2019
SAO JOSE DO BARREIRO,354960,0,0,0,0,0,24,0,0,0,0,0,0,1,2019
POTIM,354075,4,8,12,105,316,219,101,117,81,750,3534,5344,2611,2019
QUELUZ,354190,7,0,0,37,14,7,0,0,0,0,0,0,9,2019
SANTO ANTONIO DO PINHAL,354820,0,0,0,0,0,14,0,0,14,0,0,0,2,2019
SANTA BRANCA,354600,6,0,0,47,114,114,0,0,0,0,0,0,42,2019
PIQUETE,353850,0,0,0,0,58,0,0,0,0,0,0,0,8,2019
LAVRINHAS,352660,533,1805,2639,779,164,41,13,13,0,0,27,0,440,2020
APARECIDA,350250,596,737,292,69,35,27,8,2,0,8,2,38,659,2020
ARAPEI,350315,40,0,0,162,0,0,0,0,0,0,0,0,5,2020
AREIAS,350350,0,0,77,282,179,0,0,0,0,0,0,0,21,2020
BANANAL,350490,0,0,0,9,9,0,9,0,0,0,0,0,3,2020
CACAPAVA,350850,6,22,24,27,29,3,5,2,1,0,1,1,117,2020
CACHOEIRA PAULISTA,350860,187,479,515,253,83,14,0,0,2,0,0,0,516,2020
CAMPOS DO JORDAO,350970,0,0,3,0,0,0,0,0,0,0,0,3,4,2020
CANAS,350995,288,883,768,211,96,19,19,19,0,0,0,38,122,2020
CARAGUATATUBA,351050,62,123,235,102,37,12,17,2,0,0,0,8,748,2020
CRUZEIRO,351340,1460,2336,989,317,85,25,9,1,6,6,1,18,4341,2020
CUNHA,351360,0,18,27,4,0,0,0,0,0,0,0,0,11,2020
GUARATINGUETA,351840,379,1141,822,271,92,21,13,3,3,5,5,39,3430,2020
IGARATA,352020,0,10,0,0,0,0,0,0,0,0,10,0,2,2020
ILHABELA,352040,59,146,202,126,87,78,123,78,53,59,44,19,384,2020
JACAREI,352440,6,17,40,57,30,10,6,2,1,0,2,2,425,2020
JAMBEIRO,352490,0,0,0,0,0,0,0,0,0,0,0,14,1,2020
LAGOINHA,352630,0,0,0,0,20,0,0,0,0,0,0,0,1,2020
TREMEMBE,355480,0,2,20,37,48,12,6,0,2,0,0,0,62,2020
LORENA,352720,1114,2332,1395,477,125,26,5,7,1,3,2,20,4914,2020
PARAIBUNA,353560,0,10,0,0,0,0,0,0,0,10,5,5,6,2020
PINDAMONHANGABA,353800,54,236,387,322,182,27,8,2,1,1,2,17,2116,2020
PIQUETE,353850,58,854,169,272,346,29,0,0,7,14,7,22,242,2020
POTIM,354075,5694,1388,505,63,63,19,27,11,7,3,3,986,2206,2020
QUELUZ,354190,14,257,183,161,58,36,0,0,0,7,0,0,98,2020
ROSEIRA,354430,194,888,259,83,55,0,9,0,0,18,0,27,166,2020
SANTO ANTONIO DO PINHAL,354820,14,0,0,0,0,0,0,0,0,0,0,0,1,2020
SAO BENTO DO SAPUCAI,354860,0,9,0,0,0,0,0,0,0,0,0,0,1,2020
SAO JOSE DO BARREIRO,354960,0,0,0,96,24,0,0,0,0,0,0,0,5,2020
SAO JOSE DOS CAMPOS,354990,4,9,19,16,9,3,1,0,2,0,1,1,524,2020
SAO LUIS DO PARAITINGA,355000,0,9,0,0,0,0,0,0,0,0,0,0,1,2020
SAO SEBASTIAO,355070,29,43,36,48,65,48,60,35,13,14,25,21,400,2020
SILVEIRAS,355200,94,63,78,15,15,0,0,0,0,0,0,0,17,2020
TAUBATE,355410,39,140,202,198,103,28,8,5,5,2,2,5,2361,2020
JAMBEIRO,352490,0,14,0,0,14,0,0,0,0,0,0,0,2,2021
LAVRINHAS,352660,13,0,13,0,0,0,0,0,0,0,0,0,2,2021
LORENA,352720,6,3,0,4,5,2,0,0,0,0,0,0,20,2021
PINDAMONHANGABA,353800,37,182,244,168,72,13,3,2,1,1,0,1,1255,2021
PIQUETE,353850,7,0,0,7,0,0,0,0,0,7,0,14,5,2021
POTIM,354075,3,3,0,19,0,0,0,3,19,27,27,89,50,2021
QUELUZ,354190,58,7,0,0,0,0,0,0,0,0,0,0,9,2021
REDENCAO DA SERRA,354230,78,0,0,0,0,0,0,0,0,0,0,0,3,2021
ROSEIRA,354430,9,9,0,0,9,9,0,9,0,0,0,0,5,2021
SANTA BRANCA,354600,0,0,0,0,0,0,0,0,0,0,6,0,1,2021
SANTO ANTONIO DO PINHAL,354820,0,0,0,14,0,0,14,0,0,0,0,0,2,2021
SAO BENTO DO SAPUCAI,354860,9,0,9,27,0,0,0,9,0,0,0,0,6,2021
SAO JOSE DOS CAMPOS,354990,3,6,18,32,15,6,2,1,2,2,3,1,717,2021
SAO SEBASTIAO,355070,76,40,81,87,80,52,25,10,2,7,5,8,439,2021
TAUBATE,355410,1,7,20,29,16,5,0,0,0,0,1,0,282,2021
TREMEMBE,355480,2,2,12,41,6,8,0,0,0,0,0,0,35,2021
CAMPOS DO JORDAO,350970,0,0,1,0,0,0,0,0,1,1,0,0,3,2021
CACHOEIRA PAULISTA,350860,2,2,2,2,5,0,2,0,0,0,5,11,13,2021
CACAPAVA,350850,0,0,1,0,2,1,1,0,0,2,0,0,7,2021
JACAREI,352440,5,6,11,11,7,2,2,1,1,0,0,1,127,2021
CUNHA,351360,0,0,0,4,0,0,0,0,0,0,0,0,1,2021
ILHABELA,352040,82,149,384,497,406,245,80,74,74,33,160,453,956,2021
IGARATA,352020,10,0,0,10,10,10,0,0,10,0,0,0,5,2021
GUARATINGUETA,351840,2,12,11,7,4,4,0,4,4,3,8,9,88,2021
APARECIDA,350250,2,2,2,0,0,5,2,2,0,5,0,8,12,2021
CRUZEIRO,351340,2,3,3,1,0,1,0,0,0,0,2,4,16,2021
CARAGUATATUBA,351050,10,1,15,31,23,15,3,1,2,0,0,3,137,2021
BANANAL,350490,0,9,27,0,0,9,0,0,0,0,0,0,5,2021
CANAS,350995,0,0,0,0,18,0,18,0,0,0,0,0,2,2021
APARECIDA,350250,0,0,0,22,49,13,2,0,0,2,2,11,38,2022
BANANAL,350490,9,0,0,0,0,9,0,0,0,0,0,0,2,2022
AREIAS,350350,0,0,0,0,51,0,0,0,0,51,0,0,4,2022
TAUBATE,355410,1,4,48,147,195,54,19,3,2,4,1,3,1562,2022
SILVEIRAS,355200,0,0,0,15,0,0,0,0,0,0,0,0,1,2022
SAO SEBASTIAO,355070,36,33,242,371,243,127,34,10,7,34,25,6,1076,2022
SAO LUIS DO PARAITINGA,355000,0,0,9,9,28,0,0,0,0,0,0,0,5,2022
SAO JOSE DOS CAMPOS,354990,3,7,36,106,73,20,9,5,6,4,5,3,2079,2022
SANTO ANTONIO DO PINHAL,354820,0,0,0,0,0,14,0,0,0,0,0,0,1,2022
SANTA BRANCA,354600,20,0,0,13,6,0,0,0,6,0,0,0,7,2022
ROSEIRA,354430,0,0,0,101,192,9,9,0,0,0,0,0,34,2022
REDENCAO DA SERRA,354230,0,0,0,26,0,0,0,0,0,0,0,0,1,2022
QUELUZ,354190,7,0,94,188,166,21,0,0,0,0,0,7,67,2022
POTIM,354075,0,0,3,3,35,7,0,3,19,23,35,46,46,2022
PIQUETE,353850,7,0,0,7,51,0,0,0,7,0,0,0,10,2022
PINDAMONHANGABA,353800,4,15,62,76,83,24,6,1,1,3,3,4,494,2022
PARAIBUNA,353560,5,0,0,38,21,10,10,0,5,0,0,0,17,2022
MONTEIRO LOBATO,353170,0,0,0,0,21,0,0,21,0,0,0,0,2,2022
LORENA,352720,1,2,2,2,5,1,2,1,1,0,0,0,17,2022
TREMEMBE,355480,0,0,12,174,172,2,4,2,0,0,4,6,182,2022
CUNHA,351360,0,0,0,0,0,0,0,0,0,4,0,0,1,2022
GUARATINGUETA,351840,3,4,12,9,11,10,3,3,0,5,5,6,94,2022
CACAPAVA,350850,1,0,9,29,52,9,2,1,2,0,2,0,104,2022
CACHOEIRA PAULISTA,350860,0,0,5,11,5,2,2,5,2,0,0,0,13,2022
CAMPOS DO JORDAO,350970,1,0,1,5,0,0,0,0,0,0,0,0,5,2022
CANAS,350995,0,18,0,0,0,0,0,0,0,0,0,0,1,2022
CARAGUATATUBA,351050,28,31,19,40,67,45,20,11,7,8,22,4,388,2022
CRUZEIRO,351340,6,0,3,1,3,0,0,1,0,1,0,1,15,2022
JACAREI,352440,0,0,14,66,81,18,7,3,1,3,0,2,477,2022
LAGOINHA,352630,0,0,0,143,122,40,0,0,0,0,0,0,15,2022
IGARATA,352020,10,0,0,10,10,0,0,0,0,0,0,0,3,2022
ILHABELA,352040,328,124,116,190,140,163,149,38,49,55,88,46,540,2022
LAVRINHAS,352660,0,0,0,0,27,0,13,0,0,27,0,0,5,2022
BANANAL,350490,0,0,0,0,0,0,9,0,0,0,0,9,2,2023
APARECIDA,350250,13,146,328,196,99,16,0,2,0,2,0,2,293,2023
TREMEMBE,355480,16,55,151,101,60,45,20,6,4,16,41,138,318,2023
TAUBATE,355410,11,25,82,149,136,45,11,8,11,9,23,46,1804,2023
SILVEIRAS,355200,0,0,0,0,0,0,0,0,15,0,0,0,1,2023
SAO SEBASTIAO,355070,28,19,100,276,305,94,44,13,12,7,5,22,853,2023
SANTA BRANCA,354600,0,0,13,67,154,26,13,0,6,0,0,0,42,2023
ROSEIRA,354430,9,18,119,266,110,73,45,18,73,101,119,91,114,2023
QUELUZ,354190,7,7,123,29,50,0,0,7,0,0,0,0,31,2023
POTIM,354075,570,1441,2659,2093,1374,347,85,42,113,113,74,19,2288,2023
PIQUETE,353850,0,0,0,0,7,0,0,7,0,0,7,22,6,2023
PINDAMONHANGABA,353800,9,44,182,271,268,95,22,10,16,43,107,443,2604,2023
PARAIBUNA,353560,10,10,10,0,0,0,0,0,0,5,0,0,7,2023
NATIVIDADE DA SERRA,353230,0,0,0,15,30,0,0,0,0,0,0,0,3,2023
MONTEIRO LOBATO,353170,0,21,84,0,0,0,0,0,0,0,0,0,5,2023
LORENA,352720,7,7,6,15,13,4,2,0,2,1,3,10,67,2023
LAVRINHAS,352660,0,0,0,95,27,0,0,0,0,13,13,0,11,2023
LAGOINHA,352630,20,0,0,40,61,0,0,0,0,0,0,0,6,2023
SAO JOSE DOS CAMPOS,354990,6,12,37,39,31,10,4,2,3,4,3,13,1264,2023
SAO JOSE DO BARREIRO,354960,0,0,0,0,24,0,0,0,0,0,0,0,1,2023
SAO BENTO DO SAPUCAI,354860,0,0,0,0,0,0,0,0,9,0,9,0,2,2023
SANTO ANTONIO DO PINHAL,354820,0,0,0,14,0,0,0,0,0,0,14,0,2,2023
CAMPOS DO JORDAO,350970,0,0,1,0,0,0,1,0,0,0,0,0,2,2023
CACHOEIRA PAULISTA,350860,0,0,2,17,5,0,0,0,5,8,2,8,18,2023
CANAS,350995,0,0,0,56,0,0,0,0,0,0,0,0,3,2023
CACAPAVA,350850,4,2,42,86,88,34,3,3,0,0,0,1,255,2023
IGARATA,352020,10,0,20,31,0,0,0,0,0,0,0,0,6,2023
CRUZEIRO,351340,0,1,1,1,0,0,1,1,0,1,2,0,8,2023
CUNHA,351360,0,4,65,131,51,0,0,9,0,0,4,0,57,2023
GUARATINGUETA,351840,8,38,89,113,113,35,10,11,12,22,30,70,686,2023
JACAREI,352440,4,7,43,134,129,38,10,3,4,6,42,171,1413,2023
ILHABELA,352040,104,127,174,107,69,74,35,19,35,66,74,63,345,2023
JAMBEIRO,352490,0,0,0,0,0,0,0,0,0,0,0,14,1,2023
CARAGUATATUBA,351050,8,95,107,162,179,157,92,18,14,11,27,39,1145,2023
AREIAS,350350,0,0,153,76,0,0,0,0,25,0,0,25,11,2023
ROSEIRA,354430,414,820,1406,748,360,90,0,0,0,0,0,0,426,2024
QUELUZ,354190,54,98,229,579,973,295,0,0,0,0,0,0,204,2024
REDENCAO DA SERRA,354230,0,346,1344,715,173,0,0,0,0,0,0,0,119,2024
PIQUETE,353850,87,700,1567,1503,222,318,15,0,15,31,15,0,563,2024
PINDAMONHANGABA,353800,2072,3775,4645,2433,967,166,31,12,6,4,4,57,24392,2024
PARAIBUNA,353560,27,300,935,1727,1593,389,139,44,5,150,11,77,970,2024
NATIVIDADE DA SERRA,353230,0,28,448,476,434,196,14,0,0,28,28,42,121,2024
MONTEIRO LOBATO,353170,0,142,665,951,1355,332,95,0,0,0,23,0,150,2024
LORENA,352720,185,1375,3175,3324,1585,225,51,25,12,11,24,25,8756,2024
LAVRINHAS,352660,27,463,1118,1337,491,95,13,0,0,0,0,0,260,2024
LAGOINHA,352630,0,501,1871,1775,2180,482,38,19,19,0,19,0,358,2024
JAMBEIRO,352490,45,76,1125,1338,775,182,136,15,0,15,15,15,246,2024
JACAREI,352440,1091,2663,4233,3183,1447,213,56,20,20,18,10,18,32439,2024
ILHABELA,352040,228,1051,2645,3457,2837,968,247,66,88,112,126,71,4324,2024
IGARATA,352020,311,467,1412,1852,1467,357,18,9,9,0,9,0,645,2024
TAUBATE,355410,435,1535,3082,2325,1305,380,29,12,8,7,8,15,29388,2024
SAO BENTO DO SAPUCAI,354860,0,284,954,2033,1548,276,41,0,33,8,8,33,624,2024
TREMEMBE,355480,663,1514,1279,800,382,139,30,26,1,7,3,24,2587,2024
POTIM,354075,284,1261,1772,1540,895,399,192,327,380,255,211,149,1593,2024
GUARATINGUETA,351840,395,1160,1944,1639,786,143,43,16,23,9,11,5,7523,2024
CUNHA,351360,40,178,498,690,912,142,40,0,0,4,0,0,563,2024
CRUZEIRO,351340,24,125,381,269,141,30,11,5,1,3,3,1,765,2024
CARAGUATATUBA,351050,94,369,1730,2636,2272,842,265,96,124,99,112,77,12304,2024
CACAPAVA,350850,41,283,1679,2838,3264,565,110,86,27,19,21,19,8927,2024
CACHOEIRA PAULISTA,350860,55,246,1647,1594,729,264,104,40,36,3,15,12,1543,2024
CAMPOS DO JORDAO,350970,16,66,120,83,72,10,6,0,0,0,0,6,184,2024
CANAS,350995,0,514,1465,812,1010,39,0,0,0,0,0,0,194,2024
APARECIDA,350250,51,403,586,809,689,135,45,3,0,6,6,3,910,2024
ARAPEI,350315,84,509,3481,1188,297,0,0,0,0,0,0,0,131,2024
AREIAS,350350,193,358,1103,2427,1131,220,0,0,0,0,0,0,197,2024
BANANAL,350490,108,494,1988,2324,939,197,89,0,0,0,19,0,623,2024
SANTO ANTONIO DO PINHAL,354820,0,68,383,301,191,95,54,0,0,0,0,0,80,2024
SANTA BRANCA,354600,154,1632,1597,3419,1097,126,0,7,0,0,49,84,1161,2024
SAO SEBASTIAO,355070,119,516,1383,1972,1680,566,174,35,10,8,8,9,5449,2024
SAO JOSE DO BARREIRO,354960,102,769,1462,1641,667,230,0,0,0,51,0,0,192,2024
SAO JOSE DOS CAMPOS,354990,158,956,3704,4687,2974,1108,306,10,10,10,11,11,101107,2024
SAO LUIS DO PARAITINGA,355000,28,161,1962,4868,933,0,9,0,0,0,0,0,836,2024
SILVEIRAS,355200,15,95,332,1283,1156,190,95,47,0,0,0,0,203,2024
SAO BENTO DO SAPUCAI,354860,0,0,25,8,0,0,0,0,0,0,0,0,4,2025
SANTO ANTONIO DO PINHAL,354820,0,0,27,13,13,0,0,0,0,0,0,0,4,2025
SANTA BRANCA,354600,14,56,84,42,84,28,0,7,0,0,0,0,45,2025
ROSEIRA,354430,8,8,35,35,98,0,0,0,0,0,0,0,21,2025
REDENCAO DA SERRA,354230,21,0,0,21,0,0,0,0,0,0,0,0,2,2025
QUELUZ,354190,0,0,55,55,77,11,11,0,0,0,0,0,19,2025
POTIM,354075,177,221,245,293,403,81,96,67,0,0,0,14,333,2025
PIQUETE,353850,0,0,7,7,39,15,0,0,0,0,0,0,9,2025
PINDAMONHANGABA,353800,17,41,125,156,187,79,17,3,0,0,0,0,1087,2025
TREMEMBE,355480,0,16,35,87,121,54,9,11,0,0,0,0,180,2025
TAUBATE,355410,17,42,166,388,285,111,32,8,0,0,0,1,3401,2025
SILVEIRAS,355200,0,47,0,31,0,31,0,0,0,0,0,0,7,2025
SAO SEBASTIAO,355070,78,211,380,366,428,179,41,5,0,0,0,5,1431,2025
SAO LUIS DO PARAITINGA,355000,0,19,0,47,0,9,0,0,0,0,0,0,8,2025
SAO JOSE DOS CAMPOS,354990,49,85,198,181,150,54,66,57,0,0,0,1,6150,2025
SAO JOSE DO BARREIRO,354960,0,0,25,0,0,0,0,0,0,0,0,0,1,2025
MONTEIRO LOBATO,353170,23,190,285,118,142,23,0,0,0,0,0,0,33,2025
PARAIBUNA,353560,206,94,178,122,50,0,0,0,0,0,0,16,120,2025
NATIVIDADE DA SERRA,353230,0,13,27,55,13,0,0,0,0,0,0,0,8,2025
ARAPEI,350315,0,42,127,0,0,0,0,0,0,0,0,0,4,2025
APARECIDA,350250,39,60,60,72,90,21,3,3,0,0,0,0,116,2025
CACAPAVA,350850,17,44,143,197,395,60,38,46,0,0,0,0,949,2025
CACHOEIRA PAULISTA,350860,6,9,18,104,61,24,9,6,0,0,0,6,80,2025
BANANAL,350490,0,346,217,178,118,9,0,19,0,0,0,0,90,2025
AREIAS,350350,0,0,27,0,0,0,0,27,0,0,0,0,2,2025
CAMPOS DO JORDAO,350970,12,12,10,12,14,0,2,0,0,0,0,0,31,2025
CANAS,350995,0,39,0,0,19,0,0,0,0,0,0,0,3,2025
CARAGUATATUBA,351050,42,98,178,249,201,85,28,3,0,0,0,4,1270,2025
CRUZEIRO,351340,3,3,24,14,11,3,1,0,0,0,0,0,49,2025
CUNHA,351360,17,13,4,26,35,0,0,0,0,0,0,0,22,2025
GUARATINGUETA,351840,10,15,53,93,91,36,15,8,0,0,0,2,400,2025
IGARATA,352020,9,36,36,45,18,0,18,9,0,0,0,0,19,2025
ILHABELA,352040,117,213,434,656,645,336,106,0,0,0,0,5,920,2025
JACAREI,352440,96,247,427,361,337,102,65,39,0,0,0,1,4214,2025
JAMBEIRO,352490,45,136,105,166,226,45,45,15,0,0,0,0,52,2025
LAGOINHA,352630,0,38,57,38,57,19,0,0,0,0,0,0,11,2025
LAVRINHAS,352660,40,40,0,68,13,0,0,0,0,0,0,0,12,2025
LORENA,352720,12,9,17,16,19,5,2,0,0,0,0,1,73,2025
